{"cameraMode":{"drawMode":0,"name":"Shaded","section":"Shading Mode"},"sceneLighting":false,"audioPlay":false,"sceneViewState":{"showFog":true,"showMaterialUpdate":false,"showSkybox":false,"showFlares":true,"showImageEffects":true,"showParticleSystems":true},"in2DMode":false,"pivot":{"x":20.984661102294923,"y":17.082788467407228,"z":7.179213047027588},"rotation":{"x":0.010438578203320504,"y":-0.9883542060852051,"z":-0.07992430031299591,"w":-0.12910762429237367},"size":12.793761253356934,"orthographic":false}